Character_name;Freebase_character_ID;Actor_gender;Wikipedia_movie_ID;Coref_count;Main_actor;Adjectives;Verbs;Attributes
Ash Williams;/m/06_krl;M;3217;44;0;[];['land', 'fight', 'grow', 'return', 'start', 'enter', 'duck', 'crash', 'attack', 'kill', 'arrive', 'find', 'find', 'remove', 'try', 'grab', 'demand', 'become', 'lead', 'slay'];['torment', 'king']
Duke Henry the Red;/m/0h5tv3s;M;3217;3;1;[];['capture'];[]
Sheila;/m/0h36j9w;F;3217;2;2;[];[];['sister']
Lord Arthur;/m/0h5tv35;M;3217;1;3;[];[];[]
